orderID,custID,dishID,orderDate,quantity,totalAmmount
1,6,77,2024-01-01,3,33
2,15,101,2024-01-02,1,9
3,7,3,2024-01-03,1,11
4,13,40,2024-01-04,2,40
5,1,17,2024-01-05,3,9
6,11,27,2024-01-06,3,39
7,12,1,2024-01-07,2,6
8,4,56,2024-01-08,1,6
9,3,18,2024-01-09,2,25
10,12,28,2024-01-10,1,16
11,4,51,2024-01-11,3,42
12,2,13,2024-01-12,1,8
13,14,1,2024-01-13,1,3
14,15,78,2024-01-14,3,22.5
15,13,19,2024-01-15,2,12
16,10,98,2024-01-16,2,15
17,2,43,2024-01-17,1,12
18,15,32,2024-01-18,1,6
19,2,46,2024-01-19,3,42
20,12,5,2024-01-20,1,13
21,7,1,2024-01-21,1,3
22,11,86,2024-01-22,1,8.5
23,3,15,2024-01-23,2,22
24,11,104,2024-01-24,3,24
25,8,45,2024-01-25,3,27
26,10,47,2024-01-26,3,22.5
27,4,2,2024-01-27,3,27
28,10,61,2024-01-28,1,11
29,2,44,2024-01-29,3,22.5
30,7,59,2024-01-30,1,13
31,15,42,2024-01-31,3,36
32,14,96,2024-02-1,3,27
33,11,66,2024-02-02,3,36
34,11,49,2024-02-03,1,8.5
35,6,23,2024-02-04,3,37.5
36,10,26,2024-02-05,6
37,12,49,2024-02-06,3,25.5
38,11,63,2024-02-07,2,16
39,12,34,2024-02-08,3,48
40,14,85,2024-02-09,1,10
41,7,15,2024-02-10,2,22
42,12,85,2024-02-11,3,30
43,9,22,2024-02-12,2,30
44,5,85,2024-02-13,2,20
45,6,35,2024-02-14,1,7.5
46,15,95,2024-02-15,2,30
47,12,26,2024-02-16,3,9
48,6,8,2024-02-17,2,16
49,7,73,2024-02-18,3,60
50,10,41,2024-02-19,2,28
51,1,12,2024-02-20,3,60
52,7,91,2024-02-21,1,16
53,3,63,2024-02-22,3,24
54,4,66,2024-02-23,1,12
55,8,95,2024-02-24,1,15
56,6,64,2024-02-25,1,20
57,4,17,2024-02-26,3,9
58,5,25,2024-02-27,2,28
59,13,89,2024-02-28,1,12.5
60,11,11,2024-02-29,1,11
61,4,75,2024-02-30,1,3
62,1,13,2024-02-31,1,8
63,7,45,2024-03-01,1,9
64,11,103,2024-03-02,2,12
65,10,71,2024-03-03,3,30
66,5,36,2024-03-04,2,25
67,15,75,2024-03-05,2,6
68,10,38,2024-03-06,3,42
69,14,33,2024-03-07,2,17
70,1,23,2024-03-08,1,12.5
71,7,48,2024-03-09,2,16
72,13,30,2024-03-10,2,30
73,1,33,2024-03-11,1,8.5
74,15,21,2024-03-12,3,39
75,1,1,2024-03-13,2,6
76,4,76,2024-03-14,2,20
77,3,59,2024-03-15,3,39
78,4,20,2024-03-16,1,7.5
79,5,44,2024-03-17,3,22.5
80,15,77,2024-03-18,1,11
81,1,17,2024-03-19,2,6
82,14,7,2024-03-20,2,20
83,7,55,2024-03-21,2,26
84,11,19,2024-03-22,1,6
85,15,85,2024-03-23,2,20
86,11,35,2024-03-24,2,15
87,6,16,2024-03-25,2,17
88,3,31,2024-03-26,1,9
89,12,31,2024-03-27,27
90,4,21,2024-03-28,3,39
91,12,60,2024-03-29,1,9
92,13,85,2024-03-30,3,30
93,6,50,2024-03-31,2,6
94,7,81,2024-04-01,3,18
95,11,73,2024-04-02,1,20
96,5,84,2024-04-03,1,8.5
97,4,67,2024-04-04,2,20
98,1,14,2024-04-05,1,6
99,1,18,2024-04-06,1,12.5
100,14,80,2024-04-07,1,13
101,10,36,2024-04-08,3,37.5
102,4,17,2024-04-09,1,3
103,7,30,2024-04-10,2,30
104,7,59,2024-04-11,2,26
105,6,29,2024-04-12,2,20
106,13,25,2024-04-13,2,28
107,9,39,2024-04-14,2,32
108,1,7,2024-04-15,3,30
109,11,25,2024-04-16,3,42
110,13,43,2024-04-17,1,12
111,7,85,2024-04-18,3,30
112,7,44,2024-04-19,2,15
113,12,103,2024-04-20,3,18
114,1,8,2024-04-21,1,8
115,3,54,2024-04-22,3,60
116,4,32,2024-04-23,1,6
117,8,49,2024-04-24,3,25.5
118,6,88,2024-04-25,2,16
119,15,69,2024-04-26,1,3
120,10,39,2024-04-27,1,16
121,11,71,2024-04-28,1,10
122,15,78,2024-04-29,3,22.5
123,12,44,2024-04-30,1,7.5
124,10,87,2024-04-31,1,20
125,1,17,2024-05-01,3,9
126,12,45,2024-05-02,1,9
127,13,39,2024-05-03,2,32
128,10,32,2024-05-04,1,6
129,11,9,2024-05-05,3,27
130,7,68,2024-05-06,2,15
131,9,98,2024-05-07,1,7.5
132,2,45,2024-05-08,2,18
133,8,4,2024-05-09,3,36
134,1,9,2024-05-10,1,9
135,12,73,2024-05-11,3,60
136,8,22,2024-05-12,1,15
137,2,33,2024-05-13,3,25.5
138,13,82,2024-05-14,3,45
139,14,94,2024-05-15,2,30
140,4,53,2024-05-16,1,15
141,12,40,2024-05-17,2,40
142,4,68,2024-05-18,2,15
143,14,95,2024-05-19,3,45
144,8,34,2024-05-20,1,16
145,1,7,2024-05-21,2,20
146,8,36,2024-05-22,2,25
147,2,51,2024-05-23,2,28
148,1,30,2024-05-24,2,30
149,5,4,2024-05-25,2,24
150,1,14,2024-05-26,2,12
151,4,40,2024-05-27,1,20
152,12,105,2024-05-28,2,16
153,8,14,2024-05-29,3,18
154,9,53,2024-05-30,2,30
155,12,17,2024-05-31,2,6
156,6,14,2024-06-01,1,6
157,1,24,2024-06-02,2,22
158,4,61,2024-06-03,2,22
159,13,41,2024-06-04,1,14
160,15,61,2024-06-05,3,33
161,14,47,2024-06-06,2,15
162,7,29,2024-06-07,2,20
163,2,31,2024-06-08,3,27
164,14,30,2024-06-09,2,30
165,2,6,2024-06-10,2,28
166,11,102,2024-06-11,3,25.5
167,15,5,2024-06-12,1,13
168,13,33,2024-06-13,1,8.5
169,12,1,2024-06-14,1,3
170,13,19,2024-06-15,1,6
171,6,60,2024-06-16,3,27
172,9,7,2024-06-17,3,30
173,9,22,2024-06-18,3,45
174,13,53,2024-06-19,3,45
175,2,52,2024-06-20,1,12
176,8,33,2024-06-21,2,17
177,12,27,2024-06-22,2,26
178,11,96,2024-06-23,3,27
179,8,50,2024-06-24,1,3
180,13,38,2024-06-25,2,28
181,14,69,2024-06-26,1,3
182,11,88,2024-06-27,3,24
183,10,96,2024-06-28,1,9
184,5,5,2024-06-29,2,26
185,9,27,2024-06-30,3,39
186,9,1,2024-06-31,1,3
187,7,41,1/07/2024,1,14
188,13,48,2/07/2024,3,24
189,8,9,3/07/2024,1,9
190,1,34,4/07/2024,3,48
191,2,40,5/07/2024,2,40
192,1,15,6/07/2024,3,33
193,11,6,7/07/2024,1,14
194,15,82,8/07/2024,2,30
195,15,17,9/07/2024,3,9
196,10,54,10/07/2024,3,60
197,14,48,11/07/2024,3,24
198,5,78,12/07/2024,3,22.5
199,4,31,13/07/2024,2,18
200,13,86,14/07/2024,1,8.5
201,15,98,15/07/2024,1,7.5
202,4,39,16/07/2024,1,16
203,15,48,17/07/2024,1,8
204,13,11,18/07/2024,2,22
205,5,29,19/07/2024,1,10
206,11,40,20/07/2024,2,40
207,1,16,21/07/2024,1,8.5
208,1,14,22/07/2024,1,6
209,4,25,23/07/2024,1,14
210,9,80,24/07/2024,2,26
211,4,69,25/07/2024,1,3
212,2,47,26/07/2024,2,15
213,13,54,27/07/2024,1,20
214,9,17,28/07/2024,2,6
215,5,5,29/07/2024,1,13
216,1,2,30/07/2024,2,18
217,2,53,31/07/2024,3,45
218,6,15,1/08/2024,2,22
219,5,80,2/08/2024,2,26
220,12,72,3/08/2024,1,8.5
221,8,73,4/08/2024,2,40
222,10,37,5/08/2024,1,10
223,5,79,6/08/2024,1,15
224,7,17,7/08/2024,1,3
225,1,3,8/08/2024,1,11
226,7,14,9/08/2024,2,12
227,13,23,10/08/2024,3,37.5
228,6,29,11/08/2024,2,20
229,10,11,12/08/2024,1,11
230,3,54,13/08/2024,3,60
231,6,90,14/08/2024,3,18
232,9,52,15/08/2024,1,12
233,4,34,16/08/2024,3,48
234,9,97,17/08/2024,2,25
235,11,5,18/08/2024,1,13
236,8,73,19/08/2024,1,20
237,10,22,20/08/2024,1,15
238,14,95,21/08/2024,2,30
239,8,75,22/08/2024,3,9
240,15,103,23/08/2024,1,6
241,9,100,24/08/2024,1,12
242,9,48,25/08/2024,1,8
243,14,103,26/08/2024,2,12
244,2,36,27/08/2024,3,37.5
245,11,36,28/08/2024,3,37.5
246,9,95,29/08/2024,3,45
247,7,84,30/08/2024,2,17
248,6,86,31/08/2024,3,25.5
249,15,95,1/09/2024,2,30
250,13,25,2/09/2024,1,14
251,6,72,3/09/2024,3,25.5
252,2,48,4/09/2024,3,24
253,1,25,5/09/2024,3,42
254,8,52,6/09/2024,1,12
255,1,26,7/09/2024,1,3
256,2,51,8/09/2024,2,28
257,4,74,9/09/2024,1,11
258,13,91,10/09/2024,2,32
259,3,57,11/09/2024,3,48
260,15,63,12/09/2024,1,8
261,12,85,13/09/2024,1,10
262,4,54,14/09/2024,2,40
263,11,31,15/09/2024,2,18
264,7,90,16/09/2024,1,6
265,15,64,17/09/2024,1,20
266,14,78,18/09/2024,3,22.5
267,4,77,19/09/2024,1,11
268,11,54,20/09/2024,3,60
269,6,37,21/09/2024,3,30
270,3,24,22/09/2024,1,11
271,2,39,23/09/2024,1,16
272,14,41,24/09/2024,2,28
273,1,4,25/09/2024,2,24
274,4,31,26/09/2024,3,27
275,12,62,27/09/2024,2,32
276,6,84,28/09/2024,3,25.5
277,1,35,29/09/2024,1,7.5
278,2,54,30/09/2024,1,20
279,15,97,31-09-2024,2,25
280,4,49,1/10/2024,1,8.5
281,13,95,2/10/2024,1,15
282,9,95,3/10/2024,1,15
283,8,1,4/10/2024,3,9
284,15,30,5/10/2024,3,45
285,13,25,6/10/2024,3,42
286,5,83,7/10/2024,2,28
287,8,40,8/10/2024,3,60
288,14,3,9/10/2024,1,11
289,14,52,10/10/2024,3,36
290,4,74,11/10/2024,2,22
291,9,31,12/10/2024,2,18
292,10,29,13/10/2024,1,10
293,15,96,14/10/2024,3,27
294,10,9,15/10/2024,2,18
295,2,3,16/10/2024,1,11
296,10,100,17/10/2024,2,24
297,14,59,18/10/2024,3,39
298,4,70,19/10/2024,2,25
299,2,36,20/10/2024,2,25
300,9,72,21/10/2024,1,8.5
301,15,39,22/10/2024,3,48
302,8,19,23/10/2024,1,6
303,8,84,24/10/2024,1,8.5
304,15,77,25/10/2024,2,22
305,9,13,26/10/2024,3,24
306,2,6,27/10/2024,2,28
307,5,37,28/10/2024,3,30
308,8,96,29/10/2024,1,9
309,9,49,30/10/2024,1,8.5
310,8,94,31/10/2024,3,45
311,11,12,1/11/2024,2,40
312,2,12,2/11/2024,1,20
313,11,31,3/11/2024,1,9
314,4,1,4/11/2024,1,3
315,14,105,5/11/2024,1,8
316,11,73,6/11/2024,3,60
317,11,18,7/11/2024,1,12.5
318,14,65,8/11/2024,1,13
319,8,20,9/11/2024,1,7.5
320,13,75,10/11/2024,3,9
321,12,95,11/11/2024,3,45
322,7,40,12/11/2024,1,20
323,13,101,13/11/2024,3,27
324,15,5,14/11/2024,3,39
325,10,33,15/11/2024,2,17
326,14,101,16/11/2024,3,27
327,5,65,17/11/2024,1,13
328,7,13,18/11/2024,2,16
329,14,87,19/11/2024,2,40
330,12,93,20/11/2024,2,6
331,2,54,21/11/2024,2,40
332,2,49,22/11/2024,1,8.5
333,1,27,23/11/2024,2,26
334,1,28,24/11/2024,2,32
335,9,42,25/11/2024,3,36
336,5,12,26/11/2024,2,40
337,9,66,27/11/2024,3,36
338,13,50,28/11/2024,3,9
339,12,102,29/11/2024,1,8.5
340,8,83,30/11/2024,2,28
341,13,73,31-11-2024,1,20
342,8,78,1/12/2024,3,22.5
343,2,9,2/12/2024,3,27
344,2,41,3/12/2024,1,14
345,2,50,4/12/2024,3,9
346,1,19,5/12/2024,1,6
347,12,63,6/12/2024,1,8
348,3,64,7/12/2024,2,40
349,9,49,8/12/2024,2,17
350,5,58,9/12/2024,3,37.5
351,12,102,10/12/2024,2,17
352,3,61,11/12/2024,1,11
353,3,58,12/12/2024,3,37.5
354,1,20,13/12/2024,3,22.5
355,11,69,14/12/2024,2,6
356,15,75,15/12/2024,3,9
357,8,66,16/12/2024,2,24
358,7,60,17/12/2024,2,18
359,5,53,18/12/2024,3,45
360,5,68,19/12/2024,2,15
361,4,72,20/12/2024,2,17
362,2,38,21/12/2024,1,14
363,9,100,22/12/2024,2,24
364,11,28,23/12/2024,2,32
365,3,62,24/12/2024,2,32
366,3,55,25/12/2024,3,39
367,4,71,26/12/2024,3,30
368,10,23,27/12/2024,2,25
369,13,96,28/12/2024,3,27
370,2,42,29/12/2024,3,36
371,6,81,30/12/2024,3,18
372,1,10,31/12/2024,2,40
373,11,16,1/01/2025,2,17
374,1,31,2/01/2025,2,18
375,13,37,3/01/2025,2,20
376,13,96,4/01/2025,1,9
377,11,38,5/01/2025,2,28
378,3,9,6/01/2025,2,18
379,15,66,7/01/2025,1,12
380,13,56,8/01/2025,3,18
381,12,11,9/01/2025,2,22
382,4,69,10/01/2025,1,3
383,9,73,11/01/2025,3,60
384,7,92,12/01/2025,2,32
385,3,56,13/01/2025,2,12
386,14,47,14/01/2025,1,7.5
387,4,39,15/01/2025,3,48
388,13,63,16/01/2025,2,16
389,1,29,17/01/2025,2,20
390,10,101,18/01/2025,3,27
391,11,69,19/01/2025,1,3
392,1,11,20/01/2025,3,33
393,7,57,21/01/2025,2,32
394,6,48,22/01/2025,1,8
395,1,11,23/01/2025,2,22
396,8,39,24/01/2025,1,16
397,10,6,25/01/2025,2,28
398,6,87,26/01/2025,3,60
399,4,60,27/01/2025,1,9
400,2,55,28/01/2025,3,39
401,7,66,29/01/2025,1,12
402,1,21,30/01/2025,3,39
403,7,19,31/01/2025,2,12
404,3,9,1/02/2025,3,27
405,11,10,2/02/2025,3,60
406,12,1,3/02/2025,2,6
407,6,89,4/02/2025,2,25
408,6,78,5/02/2025,3,22.5
409,8,37,6/02/2025,3,30
410,8,93,7/02/2025,2,6
411,3,47,8/02/2025,1,7.5
412,12,72,9/02/2025,1,8.5
413,10,100,10/02/2025,3,36
414,14,13,11/02/2025,3,24
415,14,40,12/02/2025,2,40
416,13,77,13/02/2025,2,22
417,12,39,14/02/2025,2,32
418,11,99,15/02/2025,1,12
419,3,40,16/02/2025,3,60
420,13,85,17/02/2025,1,10
421,3,60,18/02/2025,2,18
422,7,56,19/02/2025,1,6
423,5,74,20/02/2025,3,33
424,1,36,21/02/2025,3,37.5
425,5,80,22/02/2025,2,26
426,6,43,23/02/2025,3,36
427,9,55,24/02/2025,3,39
428,2,16,25/02/2025,1,8.5
429,1,5,26/02/2025,1,13
430,11,25,27/02/2025,2,28
431,5,81,28/02/2025,3,18
432,7,58,29-02-2025,1,12.5
433,14,45,30-02-2025,2,18
434,11,85,31-02-2025,1,10
435,4,11,1/03/2025,1,11
436,9,87,2/03/2025,2,40
437,10,28,3/03/2025,1,16
438,9,11,4/03/2025,1,11
439,15,43,5/03/2025,1,12
440,15,55,6/03/2025,3,39
441,15,19,7/03/2025,1,6
442,13,82,8/03/2025,2,30
443,4,65,9/03/2025,3,39
444,9,2,10/03/2025,3,27
445,13,83,11/03/2025,3,42
446,9,99,12/03/2025,2,24
447,1,21,13/03/2025,2,26
448,14,56,14/03/2025,3,18
449,10,47,15/03/2025,3,22.5
450,6,21,16/03/2025,1,13
451,13,60,17/03/2025,2,18
452,15,99,18/03/2025,2,24
453,1,10,19/03/2025,3,60
454,1,22,20/03/2025,3,45
455,11,36,21/03/2025,2,25
456,10,1,22/03/2025,2,6
457,8,33,23/03/2025,2,17
458,5,19,24/03/2025,2,12
459,12,32,25/03/2025,3,18
460,14,22,26/03/2025,2,30
461,5,82,27/03/2025,1,15
462,10,79,28/03/2025,3,45
463,1,6,29/03/2025,3,42
464,13,2,30/03/2025,1,9
465,8,72,31/03/2025,1,8.5
466,7,92,1/04/2025,1,16
467,14,31,2/04/2025,3,27
468,6,56,3/04/2025,3,18
469,15,58,4/04/2025,3,37.5
470,9,86,5/04/2025,2,17
471,14,88,6/04/2025,3,24
472,10,54,7/04/2025,1,20
473,13,96,8/04/2025,2,18
474,4,54,9/04/2025,3,60
475,8,27,10/04/2025,2,26
476,6,22,11/04/2025,1,15
477,1,32,12/04/2025,2,12
478,9,13,13/04/2025,3,24
479,8,69,14/04/2025,3,9
480,2,39,15/04/2025,2,32
481,14,84,16/04/2025,1,8.5
482,15,96,17/04/2025,2,18
483,2,37,18/04/2025,1,10
484,3,64,19/04/2025,1,20
485,7,63,20/04/2025,2,16
486,14,92,21/04/2025,2,32
487,3,65,22/04/2025,3,39
488,1,32,23/04/2025,2,12
489,11,90,24/04/2025,1,6
490,12,58,25/04/2025,1,12.5
491,14,61,26/04/2025,3,33
492,8,14,27/04/2025,2,12
493,4,73,28/04/2025,3,60
494,15,63,29/04/2025,3,24
495,15,69,30/04/2025,3,9
496,6,65,31-04-2025,2,26
497,14,102,1/05/2025,1,8.5
498,15,66,2/05/2025,3,36
499,11,82,3/05/2025,3,45
500,9,79,4/05/2025,1,15
